п»їROWNUM;РќР°Р·РІР°РЅРёРµ;РќРѕРјРµСЂ РїР°СЂРєРѕРІРѕС‡РЅРѕРіРѕ Р°РІС‚РѕРјР°С‚Р°;РђРґРјРёРЅРёСЃС‚СЂР°С‚РёРІРЅС‹Р№ РѕРєСЂСѓРі;Р Р°Р№РѕРЅ;РќР°РёРјРµРЅРѕРІР°РЅРёРµ СѓР»РёС†С‹;РњРµСЃС‚РѕРїРѕР»РѕР¶РµРЅРёРµ;Longitude_WGS84;Latitude_WGS84;global_id;
1;"РџР°СЂРєРѕРјР°С‚ в„– 001075";"1007";"Р¦РµРЅС‚СЂР°Р»СЊРЅС‹Р№ Р°РґРјРёРЅРёСЃС‚СЂР°С‚РёРІРЅС‹Р№ РѕРєСЂСѓРі";"Р‘Р°СЃРјР°РЅРЅС‹Р№ СЂР°Р№РѕРЅ";"РњР°Р»С‹Р№ РўСЂС‘С…СЃРІСЏС‚РёС‚РµР»СЊСЃРєРёР№ РїРµСЂРµСѓР»РѕРє";"РњР°Р»С‹Р№ РўСЂС‘С…СЃРІСЏС‚РёС‚РµР»СЊСЃРєРёР№ РїРµСЂРµСѓР»РѕРє, РґРѕРј 1";"37.643145";"55.754705";"1774518";
2;"РџР°СЂРєРѕРјР°С‚ в„– 001036";"1007";"Р¦РµРЅС‚СЂР°Р»СЊРЅС‹Р№ Р°РґРјРёРЅРёСЃС‚СЂР°С‚РёРІРЅС‹Р№ РѕРєСЂСѓРі";"Р‘Р°СЃРјР°РЅРЅС‹Р№ СЂР°Р№РѕРЅ";"РђСЂС…Р°РЅРіРµР»СЊСЃРєРёР№ РїРµСЂРµСѓР»РѕРє";"РђСЂС…Р°РЅРіРµР»СЊСЃРєРёР№ РїРµСЂРµСѓР»РѕРє, РґРѕРј 11/16";"37.6385";"55.762212";"1774515";
3;"РџР°СЂРєРѕРјР°С‚ в„– 000042";"1003";"Р¦РµРЅС‚СЂР°Р»СЊРЅС‹Р№ Р°РґРјРёРЅРёСЃС‚СЂР°С‚РёРІРЅС‹Р№ РѕРєСЂСѓРі";"РџСЂРµСЃРЅРµРЅСЃРєРёР№ СЂР°Р№РѕРЅ";"РўРІРµСЂСЃРєРѕР№ Р±СѓР»СЊРІР°СЂ";"РўРІРµСЂСЃРєРѕР№ Р±СѓР»СЊРІР°СЂ, РґРѕРј 10";"37.6001277777778";"55.7589916666667";"1774511";
4;"РџР°СЂРєРѕРјР°С‚ в„– 001055";"1006";"Р¦РµРЅС‚СЂР°Р»СЊРЅС‹Р№ Р°РґРјРёРЅРёСЃС‚СЂР°С‚РёРІРЅС‹Р№ РѕРєСЂСѓРі";"РљСЂР°СЃРЅРѕСЃРµР»СЊСЃРєРёР№ СЂР°Р№РѕРЅ";"РњРёР»СЋС‚РёРЅСЃРєРёР№ РїРµСЂРµСѓР»РѕРє";"РњРёР»СЋС‚РёРЅСЃРєРёР№ РїРµСЂРµСѓР»РѕРє, РґРѕРј 14";"37.63203";"55.763416";"1774517";
5;"РџР°СЂРєРѕРјР°С‚ в„– 000043";"1003";"Р¦РµРЅС‚СЂР°Р»СЊРЅС‹Р№ Р°РґРјРёРЅРёСЃС‚СЂР°С‚РёРІРЅС‹Р№ РѕРєСЂСѓРі";"РџСЂРµСЃРЅРµРЅСЃРєРёР№ СЂР°Р№РѕРЅ";"РўРІРµСЂСЃРєРѕР№ Р±СѓР»СЊРІР°СЂ";"РўРІРµСЂСЃРєРѕР№ Р±СѓР»СЊРІР°СЂ, РґРѕРј 20";"37.60203611";"55.7610027";"1774512";
6;"РџР°СЂРєРѕРјР°С‚ в„– 001066";"2004";"Р¦РµРЅС‚СЂР°Р»СЊРЅС‹Р№ Р°РґРјРёРЅРёСЃС‚СЂР°С‚РёРІРЅС‹Р№ РѕРєСЂСѓРі";"РўРІРµСЂСЃРєРѕР№ СЂР°Р№РѕРЅ";"РњР°Р»С‹Р№ РљР°СЂРµС‚РЅС‹Р№ РїРµСЂРµСѓР»РѕРє";"РњР°Р»С‹Р№ РљР°СЂРµС‚РЅС‹Р№ РїРµСЂРµСѓР»РѕРє, РґРѕРј 4";"37.612533";"55.771186";"1774520";
7;"РџР°СЂРєРѕРјР°С‚ в„– 000033";"1002";"Р¦РµРЅС‚СЂР°Р»СЊРЅС‹Р№ Р°РґРјРёРЅРёСЃС‚СЂР°С‚РёРІРЅС‹Р№ РѕРєСЂСѓРі";"СЂР°Р№РѕРЅ РђСЂР±Р°С‚";"РќРёР¶РЅРёР№ РљРёСЃР»РѕРІСЃРєРёР№ РїРµСЂРµСѓР»РѕРє";"РќРёР¶РЅРёР№ РљРёСЃР»РѕРІСЃРєРёР№ РїРµСЂРµСѓР»РѕРє, РґРѕРј 1";"37.605626";"55.754017";"1774510";
8;"РџР°СЂРєРѕРјР°С‚ в„– 001022";"1007";"Р¦РµРЅС‚СЂР°Р»СЊРЅС‹Р№ Р°РґРјРёРЅРёСЃС‚СЂР°С‚РёРІРЅС‹Р№ РѕРєСЂСѓРі";"Р‘Р°СЃРјР°РЅРЅС‹Р№ СЂР°Р№РѕРЅ";"Р‘Р°РЅРєРѕРІСЃРєРёР№ РїРµСЂРµСѓР»РѕРє";"Р‘Р°РЅРєРѕРІСЃРєРёР№ РїРµСЂРµСѓР»РѕРє, РґРѕРј 1/7";"37.6350277777778";"55.76225";"1774514";
9;"РџР°СЂРєРѕРјР°С‚ в„– 001049";"1005";"Р¦РµРЅС‚СЂР°Р»СЊРЅС‹Р№ Р°РґРјРёРЅРёСЃС‚СЂР°С‚РёРІРЅС‹Р№ РѕРєСЂСѓРі";"РњРµС‰Р°РЅСЃРєРёР№ СЂР°Р№РѕРЅ";"РњР°Р»С‹Р№ РљРёСЃРµР»СЊРЅС‹Р№ РїРµСЂРµСѓР»РѕРє";"РњР°Р»С‹Р№ РљРёСЃРµР»СЊРЅС‹Р№ РїРµСЂРµСѓР»РѕРє, РґРѕРј 4, СЃС‚СЂРѕРµРЅРёРµ 1";"37.626762";"55.7653";"1774516";
10;"РџР°СЂРєРѕРјР°С‚ в„– 000030";"1003";"Р¦РµРЅС‚СЂР°Р»СЊРЅС‹Р№ Р°РґРјРёРЅРёСЃС‚СЂР°С‚РёРІРЅС‹Р№ РѕРєСЂСѓРі";"РџСЂРµСЃРЅРµРЅСЃРєРёР№ СЂР°Р№РѕРЅ";"РЎСЂРµРґРЅРёР№ РљРёСЃР»РѕРІСЃРєРёР№ РїРµСЂРµСѓР»РѕРє";"РЎСЂРµРґРЅРёР№ РљРёСЃР»РѕРІСЃРєРёР№ РїРµСЂРµСѓР»РѕРє, РґРѕРј 4";"37.605415";"55.755798";"1774509";
11;"РџР°СЂРєРѕРјР°С‚ в„– 2189";"2002";"Р¦РµРЅС‚СЂР°Р»СЊРЅС‹Р№ Р°РґРјРёРЅРёСЃС‚СЂР°С‚РёРІРЅС‹Р№ РѕРєСЂСѓРі";"СЂР°Р№РѕРЅ РђСЂР±Р°С‚";"РўСЂСѓР±РЅРёРєРѕРІСЃРєРёР№ РїРµСЂРµСѓР»РѕРє";"РўСЂСѓР±РЅРёРєРѕРІСЃРєРёР№ РїРµСЂРµСѓР»РѕРє, РґРѕРј 15, СЃС‚СЂРѕРµРЅРёРµ 1";"37.5866635";"55.7544209";"1774535";
12;"РџР°СЂРєРѕРјР°С‚ в„– 2188";"2002";"Р¦РµРЅС‚СЂР°Р»СЊРЅС‹Р№ Р°РґРјРёРЅРёСЃС‚СЂР°С‚РёРІРЅС‹Р№ РѕРєСЂСѓРі";"СЂР°Р№РѕРЅ РђСЂР±Р°С‚";"РўСЂРѕРёР»РёРЅСЃРєРёР№ РїРµСЂРµСѓР»РѕРє";"РўСЂРѕРёР»РёРЅСЃРєРёР№ РїРµСЂРµСѓР»РѕРє, РґРѕРј 3, СЃС‚СЂРѕРµРЅРёРµ 1";"37.58432261475";"55.748053980729";"1774534";
13;"РџР°СЂРєРѕРјР°С‚ в„– 2186";"2001";"Р¦РµРЅС‚СЂР°Р»СЊРЅС‹Р№ Р°РґРјРёРЅРёСЃС‚СЂР°С‚РёРІРЅС‹Р№ РѕРєСЂСѓРі";"СЂР°Р№РѕРЅ РҐР°РјРѕРІРЅРёРєРё";"РЎС‚Р°СЂРѕРєРѕРЅСЋС€РµРЅРЅС‹Р№ РїРµСЂРµСѓР»РѕРє";"РЎС‚Р°СЂРѕРєРѕРЅСЋС€РµРЅРЅС‹Р№ РїРµСЂРµСѓР»РѕРє, РґРѕРј 10Рђ";"37.59533528525";"55.745650428122";"1774532";
14;"РџР°СЂРєРѕРјР°С‚ в„– 2187";"2003";"Р¦РµРЅС‚СЂР°Р»СЊРЅС‹Р№ Р°РґРјРёРЅРёСЃС‚СЂР°С‚РёРІРЅС‹Р№ РѕРєСЂСѓРі";"РџСЂРµСЃРЅРµРЅСЃРєРёР№ СЂР°Р№РѕРЅ";"РЎС‚РѕР»РѕРІС‹Р№ РїРµСЂРµСѓР»РѕРє";"РЎС‚РѕР»РѕРІС‹Р№ РїРµСЂРµСѓР»РѕРє, РґРѕРј 4";"37.596032431877";"55.756289776407";"1774533";
15;"РџР°СЂРєРѕРјР°С‚ в„– 2176";"2002";"Р¦РµРЅС‚СЂР°Р»СЊРЅС‹Р№ Р°РґРјРёРЅРёСЃС‚СЂР°С‚РёРІРЅС‹Р№ РѕРєСЂСѓРі";"СЂР°Р№РѕРЅ РђСЂР±Р°С‚";"РїРµСЂРµСѓР»РѕРє РЎРёРІС†РµРІ Р’СЂР°Р¶РµРє";"РїРµСЂРµСѓР»РѕРє РЎРёРІС†РµРІ Р’СЂР°Р¶РµРє, РЅР°РїСЂРѕС‚РёРІ РґРѕРјР° 15";"37.594456911639";"55.747622286145";"1774522";
16;"РџР°СЂРєРѕРјР°С‚ в„– 001005";"1004";"Р¦РµРЅС‚СЂР°Р»СЊРЅС‹Р№ Р°РґРјРёРЅРёСЃС‚СЂР°С‚РёРІРЅС‹Р№ РѕРєСЂСѓРі";"РўРІРµСЂСЃРєРѕР№ СЂР°Р№РѕРЅ";"РџРµС‚СЂРѕРІСЃРєРёР№ Р±СѓР»СЊРІР°СЂ";"РџРµС‚СЂРѕРІСЃРєРёР№ Р±СѓР»СЊРІР°СЂ, РґРѕРј 12";"37.618678";"55.767397";"1774539";
17;"РџР°СЂРєРѕРјР°С‚ в„– 2177";"2002";"Р¦РµРЅС‚СЂР°Р»СЊРЅС‹Р№ Р°РґРјРёРЅРёСЃС‚СЂР°С‚РёРІРЅС‹Р№ РѕРєСЂСѓРі";"СЂР°Р№РѕРЅ РђСЂР±Р°С‚";"РїРµСЂРµСѓР»РѕРє РЎРёРІС†РµРІ Р’СЂР°Р¶РµРє";"РїРµСЂРµСѓР»РѕРє РЎРёРІС†РµРІ Р’СЂР°Р¶РµРє, РЅР°РїСЂРѕС‚РёРІ РґРѕРјР° 41";"37.587263611639";"55.74680258899";"1774523";
18;"РџР°СЂРєРѕРјР°С‚ в„– 001003";"2004";"Р¦РµРЅС‚СЂР°Р»СЊРЅС‹Р№ Р°РґРјРёРЅРёСЃС‚СЂР°С‚РёРІРЅС‹Р№ РѕРєСЂСѓРі";"РўРІРµСЂСЃРєРѕР№ СЂР°Р№РѕРЅ";"1-Р№ РљРѕР»РѕР±РѕРІСЃРєРёР№ РїРµСЂРµСѓР»РѕРє";"1-Р№ РљРѕР»РѕР±РѕРІСЃРєРёР№ РїРµСЂРµСѓР»РѕРє, РґРѕРј 14";"37.617651";"55.768855";"1774537";
19;"РџР°СЂРєРѕРјР°С‚ в„– 2181";"3003";"Р¦РµРЅС‚СЂР°Р»СЊРЅС‹Р№ Р°РґРјРёРЅРёСЃС‚СЂР°С‚РёРІРЅС‹Р№ РѕРєСЂСѓРі";"РџСЂРµСЃРЅРµРЅСЃРєРёР№ СЂР°Р№РѕРЅ";"Р—РѕРѕР»РѕРіРёС‡РµСЃРєР°СЏ СѓР»РёС†Р°";"Р—РѕРѕР»РѕРіРёС‡РµСЃРєР°СЏ СѓР»РёС†Р°, РґРѕРј 12, РєРѕСЂРїСѓСЃ 2";"37.582251";"55.764322";"1774527";
20;"РџР°СЂРєРѕРјР°С‚ в„– 2190";"3003";"Р¦РµРЅС‚СЂР°Р»СЊРЅС‹Р№ Р°РґРјРёРЅРёСЃС‚СЂР°С‚РёРІРЅС‹Р№ РѕРєСЂСѓРі";"РџСЂРµСЃРЅРµРЅСЃРєРёР№ СЂР°Р№РѕРЅ";"Р‘РѕР»СЊС€Р°СЏ Р”РµРєР°Р±СЂСЊСЃРєР°СЏ СѓР»РёС†Р°";"Р‘РѕР»СЊС€Р°СЏ Р”РµРєР°Р±СЂСЊСЃРєР°СЏ СѓР»РёС†Р°, РґРѕРј 4";"37.55806";"55.766054";"1774536";
21;"РџР°СЂРєРѕРјР°С‚ в„– 001009";"1004";"Р¦РµРЅС‚СЂР°Р»СЊРЅС‹Р№ Р°РґРјРёРЅРёСЃС‚СЂР°С‚РёРІРЅС‹Р№ РѕРєСЂСѓРі";"РўРІРµСЂСЃРєРѕР№ СЂР°Р№РѕРЅ";"Р”РјРёС‚СЂРѕРІСЃРєРёР№ РїРµСЂРµСѓР»РѕРє";"Р”РјРёС‚СЂРѕРІСЃРєРёР№ РїРµСЂРµСѓР»РѕРє, РґРѕРј 9";"37.616707";"55.762484";"1774543";
22;"РџР°СЂРєРѕРјР°С‚ в„– 001007";"1004";"Р¦РµРЅС‚СЂР°Р»СЊРЅС‹Р№ Р°РґРјРёРЅРёСЃС‚СЂР°С‚РёРІРЅС‹Р№ РѕРєСЂСѓРі";"РўРІРµСЂСЃРєРѕР№ СЂР°Р№РѕРЅ";"СѓР»РёС†Р° РџРµС‚СЂРѕРІРєР°";"СѓР»РёС†Р° РџРµС‚СЂРѕРІРєР°, РґРѕРј 24";"37.616634";"55.764904";"1774541";
23;"РџР°СЂРєРѕРјР°С‚ в„– 001071";"1004";"Р¦РµРЅС‚СЂР°Р»СЊРЅС‹Р№ Р°РґРјРёРЅРёСЃС‚СЂР°С‚РёРІРЅС‹Р№ РѕРєСЂСѓРі";"РўРІРµСЂСЃРєРѕР№ СЂР°Р№РѕРЅ";"РќРµРіР»РёРЅРЅР°СЏ СѓР»РёС†Р°";"РќРµРіР»РёРЅРЅР°СЏ СѓР»РёС†Р°, РґРѕРј 13";"37.619874";"55.762614";"1774542";
24;"РџР°СЂРєРѕРјР°С‚ в„– 001079";"1007";"Р¦РµРЅС‚СЂР°Р»СЊРЅС‹Р№ Р°РґРјРёРЅРёСЃС‚СЂР°С‚РёРІРЅС‹Р№ РѕРєСЂСѓРі";"Р‘Р°СЃРјР°РЅРЅС‹Р№ СЂР°Р№РѕРЅ";"РџРµС‚СЂРѕРІРµСЂРёРіСЃРєРёР№ РїРµСЂРµСѓР»РѕРє";"РџРµС‚СЂРѕРІРµСЂРёРіСЃРєРёР№ РїРµСЂРµСѓР»РѕРє, РґРѕРј 3";"37.638221";"55.756909";"1774544";
25;"РџР°СЂРєРѕРјР°С‚ в„– 001084";"1007";"Р¦РµРЅС‚СЂР°Р»СЊРЅС‹Р№ Р°РґРјРёРЅРёСЃС‚СЂР°С‚РёРІРЅС‹Р№ РѕРєСЂСѓРі";"Р‘Р°СЃРјР°РЅРЅС‹Р№ СЂР°Р№РѕРЅ";"РџРѕС‚Р°РїРѕРІСЃРєРёР№ РїРµСЂРµСѓР»РѕРє";"РџРѕС‚Р°РїРѕРІСЃРєРёР№ РїРµСЂРµСѓР»РѕРє, РґРѕРј 5";"37.640972";"55.761274";"1774540";
26;"РџР°СЂРєРѕРјР°С‚ в„– 2067";"2010";"Р¦РµРЅС‚СЂР°Р»СЊРЅС‹Р№ Р°РґРјРёРЅРёСЃС‚СЂР°С‚РёРІРЅС‹Р№ РѕРєСЂСѓРі";"СЂР°Р№РѕРЅ РЇРєРёРјР°РЅРєР°";"2-Р№ РЎРїР°СЃРѕРЅР°Р»РёРІРєРѕРІСЃРєРёР№ РїРµСЂРµСѓР»РѕРє";"2-Р№ РЎРїР°СЃРѕРЅР°Р»РёРІРєРѕРІСЃРєРёР№ РїРµСЂРµСѓР»РѕРє, РґРѕРј 5";"37.617951";"55.731928";"1774548";
27;"РџР°СЂРєРѕРјР°С‚ в„– 2069";"2009";"Р¦РµРЅС‚СЂР°Р»СЊРЅС‹Р№ Р°РґРјРёРЅРёСЃС‚СЂР°С‚РёРІРЅС‹Р№ РѕРєСЂСѓРі";"СЂР°Р№РѕРЅ Р—Р°РјРѕСЃРєРІРѕСЂРµС‡СЊРµ";"РЎС‚Р°СЂС‹Р№ РўРѕР»РјР°С‡С‘РІСЃРєРёР№ РїРµСЂРµСѓР»РѕРє";"РЎС‚Р°СЂС‹Р№ РўРѕР»РјР°С‡С‘РІСЃРєРёР№ РїРµСЂРµСѓР»РѕРє, РЅР°РїСЂРѕС‚РёРІ РґРѕРјР° 3";"37.63177530423";"55.739904868329";"1774550";
28;"РџР°СЂРєРѕРјР°С‚ в„– 000023";"1003";"Р¦РµРЅС‚СЂР°Р»СЊРЅС‹Р№ Р°РґРјРёРЅРёСЃС‚СЂР°С‚РёРІРЅС‹Р№ РѕРєСЂСѓРі";"РџСЂРµСЃРЅРµРЅСЃРєРёР№ СЂР°Р№РѕРЅ";"Р‘СЂСЋСЃРѕРІ РїРµСЂРµСѓР»РѕРє";"Р‘СЂСЋСЃРѕРІ РїРµСЂРµСѓР»РѕРє, РґРѕРј 2, СЃС‚СЂРѕРµРЅРёРµ 10";"37.605418";"55.757538";"1774552";
29;"РџР°СЂРєРѕРјР°С‚ в„– 2068";"3004";"Р¦РµРЅС‚СЂР°Р»СЊРЅС‹Р№ Р°РґРјРёРЅРёСЃС‚СЂР°С‚РёРІРЅС‹Р№ РѕРєСЂСѓРі";"РўРІРµСЂСЃРєРѕР№ СЂР°Р№РѕРЅ";"СѓР»РёС†Р° Р‘СѓС‚С‹СЂСЃРєРёР№ Р’Р°Р»";"СѓР»РёС†Р° Р‘СѓС‚С‹СЂСЃРєРёР№ Р’Р°Р», РґРѕРј 52";"37.588213";"55.787922";"1774549";
30;"РџР°СЂРєРѕРјР°С‚ в„– 2070";"2009";"Р¦РµРЅС‚СЂР°Р»СЊРЅС‹Р№ Р°РґРјРёРЅРёСЃС‚СЂР°С‚РёРІРЅС‹Р№ РѕРєСЂСѓРі";"СЂР°Р№РѕРЅ Р—Р°РјРѕСЃРєРІРѕСЂРµС‡СЊРµ";"Р‘РѕР»СЊС€Р°СЏ РўР°С‚Р°СЂСЃРєР°СЏ СѓР»РёС†Р°";"Р‘РѕР»СЊС€Р°СЏ РўР°С‚Р°СЂСЃРєР°СЏ СѓР»РёС†Р°, РґРѕРј 29";"37.634034872353";"55.738865580418";"1774551";
31;"РџР°СЂРєРѕРјР°С‚ в„– 001032";"1005";"Р¦РµРЅС‚СЂР°Р»СЊРЅС‹Р№ Р°РґРјРёРЅРёСЃС‚СЂР°С‚РёРІРЅС‹Р№ РѕРєСЂСѓРі";"РњРµС‰Р°РЅСЃРєРёР№ СЂР°Р№РѕРЅ";"Р РѕР¶РґРµСЃС‚РІРµРЅСЃРєРёР№ Р±СѓР»СЊРІР°СЂ";"Р РѕР¶РґРµСЃС‚РІРµРЅСЃРєРёР№ Р±СѓР»СЊРІР°СЂ, РґРѕРј 10/7";"37.626494";"55.766383";"1774557";
32;"РџР°СЂРєРѕРјР°С‚ в„– 001033";"1005";"Р¦РµРЅС‚СЂР°Р»СЊРЅС‹Р№ Р°РґРјРёРЅРёСЃС‚СЂР°С‚РёРІРЅС‹Р№ РѕРєСЂСѓРі";"РњРµС‰Р°РЅСЃРєРёР№ СЂР°Р№РѕРЅ";"Р РѕР¶РґРµСЃС‚РІРµРЅСЃРєРёР№ Р±СѓР»СЊРІР°СЂ";"Р РѕР¶РґРµСЃС‚РІРµРЅСЃРєРёР№ Р±СѓР»СЊРІР°СЂ, РґРѕРј 21, СЃС‚СЂРѕРµРЅРёРµ 2";"37.630027";"55.766787";"1774558";
33;"РџР°СЂРєРѕРјР°С‚ в„– 001040";"1004";"Р¦РµРЅС‚СЂР°Р»СЊРЅС‹Р№ Р°РґРјРёРЅРёСЃС‚СЂР°С‚РёРІРЅС‹Р№ РѕРєСЂСѓРі";"РўРІРµСЂСЃРєРѕР№ СЂР°Р№РѕРЅ";"РЎС‚СЂР°СЃС‚РЅРѕР№ Р±СѓР»СЊРІР°СЂ";"РЎС‚СЂР°СЃС‚РЅРѕР№ Р±СѓР»СЊРІР°СЂ, РґРѕРј 6";"37.608663";"55.765967";"1774564";
34;"РџР°СЂРєРѕРјР°С‚ в„– 001038";"1007";"Р¦РµРЅС‚СЂР°Р»СЊРЅС‹Р№ Р°РґРјРёРЅРёСЃС‚СЂР°С‚РёРІРЅС‹Р№ РѕРєСЂСѓРі";"Р‘Р°СЃРјР°РЅРЅС‹Р№ СЂР°Р№РѕРЅ";"РЎРІРµСЂС‡РєРѕРІ РїРµСЂРµСѓР»РѕРє";"РЎРІРµСЂС‡РєРѕРІ РїРµСЂРµСѓР»РѕРє, РґРѕРј 8";"37.639549";"55.760446";"1774562";
35;"РџР°СЂРєРѕРјР°С‚ в„– 001031";"1005";"Р¦РµРЅС‚СЂР°Р»СЊРЅС‹Р№ Р°РґРјРёРЅРёСЃС‚СЂР°С‚РёРІРЅС‹Р№ РѕРєСЂСѓРі";"РњРµС‰Р°РЅСЃРєРёР№ СЂР°Р№РѕРЅ";"РўСЂСѓР±РЅР°СЏ РїР»РѕС‰Р°РґСЊ";"РўСЂСѓР±РЅР°СЏ РїР»РѕС‰Р°РґСЊ, РґРѕРј 2";"37.622277";"55.766812";"1774556";
36;"РџР°СЂРєРѕРјР°С‚ в„– 001035";"1007";"Р¦РµРЅС‚СЂР°Р»СЊРЅС‹Р№ Р°РґРјРёРЅРёСЃС‚СЂР°С‚РёРІРЅС‹Р№ РѕРєСЂСѓРі";"Р‘Р°СЃРјР°РЅРЅС‹Р№ СЂР°Р№РѕРЅ";"РђСЂС…Р°РЅРіРµР»СЊСЃРєРёР№ РїРµСЂРµСѓР»РѕРє";"РђСЂС…Р°РЅРіРµР»СЊСЃРєРёР№ РїРµСЂРµСѓР»РѕРє, РґРѕРј 4";"37.6376138888889";"55.7606611111111";"1774560";
37;"РџР°СЂРєРѕРјР°С‚ в„– 000025";"1003";"Р¦РµРЅС‚СЂР°Р»СЊРЅС‹Р№ Р°РґРјРёРЅРёСЃС‚СЂР°С‚РёРІРЅС‹Р№ РѕРєСЂСѓРі";"РџСЂРµСЃРЅРµРЅСЃРєРёР№ СЂР°Р№РѕРЅ";"Р“Р°Р·РµС‚РЅС‹Р№ РїРµСЂРµСѓР»РѕРє";"Р“Р°Р·РµС‚РЅС‹Р№ РїРµСЂРµСѓР»РѕРє, РґРѕРј 9";"37.609257";"55.758068";"1774553";
38;"РџР°СЂРєРѕРјР°С‚ в„– 000002";"1001";"Р¦РµРЅС‚СЂР°Р»СЊРЅС‹Р№ Р°РґРјРёРЅРёСЃС‚СЂР°С‚РёРІРЅС‹Р№ РѕРєСЂСѓРі";"СЂР°Р№РѕРЅ РҐР°РјРѕРІРЅРёРєРё";"Р“РѕРіРѕР»РµРІСЃРєРёР№ Р±СѓР»СЊРІР°СЂ";"Р“РѕРіРѕР»РµРІСЃРєРёР№ Р±СѓР»СЊРІР°СЂ, РґРѕРј 8";"37.600589";"55.746004";"1774555";
39;"РџР°СЂРєРѕРјР°С‚ в„– 001043";"1005";"Р¦РµРЅС‚СЂР°Р»СЊРЅС‹Р№ Р°РґРјРёРЅРёСЃС‚СЂР°С‚РёРІРЅС‹Р№ РѕРєСЂСѓРі";"РњРµС‰Р°РЅСЃРєРёР№ СЂР°Р№РѕРЅ";"РќРµРіР»РёРЅРЅР°СЏ СѓР»РёС†Р°";"РќРµРіР»РёРЅРЅР°СЏ СѓР»РёС†Р°, РґРѕРј 16Рђ";"37.620051";"55.764901";"1774566";
40;"РџР°СЂРєРѕРјР°С‚ в„– 001062";"1007";"Р¦РµРЅС‚СЂР°Р»СЊРЅС‹Р№ Р°РґРјРёРЅРёСЃС‚СЂР°С‚РёРІРЅС‹Р№ РѕРєСЂСѓРі";"Р‘Р°СЃРјР°РЅРЅС‹Р№ СЂР°Р№РѕРЅ";"Р§РёСЃС‚РѕРїСЂСѓРґРЅС‹Р№ Р±СѓР»СЊРІР°СЂ";"Р§РёСЃС‚РѕРїСЂСѓРґРЅС‹Р№ Р±СѓР»СЊРІР°СЂ, РґРѕРј 14, СЃС‚СЂРѕРµРЅРёРµ 1";"37.64425";"55.760434";"1774567";
41;"РџР°СЂРєРѕРјР°С‚ в„– 001044";"1005";"Р¦РµРЅС‚СЂР°Р»СЊРЅС‹Р№ Р°РґРјРёРЅРёСЃС‚СЂР°С‚РёРІРЅС‹Р№ РѕРєСЂСѓРі";"РњРµС‰Р°РЅСЃРєРёР№ СЂР°Р№РѕРЅ";"Р—РІРѕРЅР°СЂСЃРєРёР№ РїРµСЂРµСѓР»РѕРє";"Р—РІРѕРЅР°СЂСЃРєРёР№ РїРµСЂРµСѓР»РѕРє, РґРѕРј 6";"37.62256";"55.764498";"1774568";
42;"РџР°СЂРєРѕРјР°С‚ в„– 001041";"1004";"Р¦РµРЅС‚СЂР°Р»СЊРЅС‹Р№ Р°РґРјРёРЅРёСЃС‚СЂР°С‚РёРІРЅС‹Р№ РѕРєСЂСѓРі";"РўРІРµСЂСЃРєРѕР№ СЂР°Р№РѕРЅ";"РќРµРіР»РёРЅРЅР°СЏ СѓР»РёС†Р°";"РќРµРіР»РёРЅРЅР°СЏ СѓР»РёС†Р°, РґРѕРј 29";"37.62091";"55.766558";"1774565";
43;"РџР°СЂРєРѕРјР°С‚ в„– 001048";"1005";"Р¦РµРЅС‚СЂР°Р»СЊРЅС‹Р№ Р°РґРјРёРЅРёСЃС‚СЂР°С‚РёРІРЅС‹Р№ РѕРєСЂСѓРі";"РњРµС‰Р°РЅСЃРєРёР№ СЂР°Р№РѕРЅ";"СѓР»РёС†Р° Р РѕР¶РґРµСЃС‚РІРµРЅРєР°";"СѓР»РёС†Р° Р РѕР¶РґРµСЃС‚РІРµРЅРєР°, РґРѕРј 25";"37.623501";"55.765586";"1774572";
44;"РџР°СЂРєРѕРјР°С‚ в„– 001034";"1004";"Р¦РµРЅС‚СЂР°Р»СЊРЅС‹Р№ Р°РґРјРёРЅРёСЃС‚СЂР°С‚РёРІРЅС‹Р№ РѕРєСЂСѓРі";"РўРІРµСЂСЃРєРѕР№ СЂР°Р№РѕРЅ";"РўРµР°С‚СЂР°Р»СЊРЅС‹Р№ РїСЂРѕРµР·Рґ";"РўРµР°С‚СЂР°Р»СЊРЅС‹Р№ РїСЂРѕРµР·Рґ, РґРѕРј 2";"37.619568";"55.76013";"1774559";
45;"РџР°СЂРєРѕРјР°С‚ в„– 000061";"1004";"Р¦РµРЅС‚СЂР°Р»СЊРЅС‹Р№ Р°РґРјРёРЅРёСЃС‚СЂР°С‚РёРІРЅС‹Р№ РѕРєСЂСѓРі";"РўРІРµСЂСЃРєРѕР№ СЂР°Р№РѕРЅ";"Р’РµС‚РѕС€РЅС‹Р№ РїРµСЂРµСѓР»РѕРє";"Р’РµС‚РѕС€РЅС‹Р№ РїРµСЂРµСѓР»РѕРє, РґРѕРј 17";"37.623767";"55.754177";"1774575";
46;"РџР°СЂРєРѕРјР°С‚ в„– 001046";"1004";"Р¦РµРЅС‚СЂР°Р»СЊРЅС‹Р№ Р°РґРјРёРЅРёСЃС‚СЂР°С‚РёРІРЅС‹Р№ РѕРєСЂСѓРі";"РўРІРµСЂСЃРєРѕР№ СЂР°Р№РѕРЅ";"РўРµР°С‚СЂР°Р»СЊРЅС‹Р№ РїСЂРѕРµР·Рґ";"РўРµР°С‚СЂР°Р»СЊРЅС‹Р№ РїСЂРѕРµР·Рґ, РґРѕРј 1";"37.621258";"55.7592";"1774570";
47;"РџР°СЂРєРѕРјР°С‚ в„– 000057";"1004";"Р¦РµРЅС‚СЂР°Р»СЊРЅС‹Р№ Р°РґРјРёРЅРёСЃС‚СЂР°С‚РёРІРЅС‹Р№ РѕРєСЂСѓРі";"РўРІРµСЂСЃРєРѕР№ СЂР°Р№РѕРЅ";"РЎР»Р°РІСЏРЅСЃРєР°СЏ РїР»РѕС‰Р°РґСЊ";"РЎР»Р°РІСЏРЅСЃРєР°СЏ РїР»РѕС‰Р°РґСЊ, РґРѕРј 2";"37.634787";"55.7537";"1774636";
48;"РџР°СЂРєРѕРјР°С‚ в„– 3303";"3007";"Р¦РµРЅС‚СЂР°Р»СЊРЅС‹Р№ Р°РґРјРёРЅРёСЃС‚СЂР°С‚РёРІРЅС‹Р№ РѕРєСЂСѓРі";"Р‘Р°СЃРјР°РЅРЅС‹Р№ СЂР°Р№РѕРЅ";"РЅР°Р±РµСЂРµР¶РЅР°СЏ РђРєР°РґРµРјРёРєР° РўСѓРїРѕР»РµРІР°";"РЅР°Р±РµСЂРµР¶РЅР°СЏ РђРєР°РґРµРјРёРєР° РўСѓРїРѕР»РµРІР°, РґРѕРј 3Рђ, СЃС‚СЂРѕРµРЅРёРµ 1";"37.6737821";"55.7596768";"5625499";
49;"РџР°СЂРєРѕРјР°С‚ в„– 000003";"1002";"Р¦РµРЅС‚СЂР°Р»СЊРЅС‹Р№ Р°РґРјРёРЅРёСЃС‚СЂР°С‚РёРІРЅС‹Р№ РѕРєСЂСѓРі";"СЂР°Р№РѕРЅ РҐР°РјРѕРІРЅРёРєРё";"Р“РѕРіРѕР»РµРІСЃРєРёР№ Р±СѓР»СЊРІР°СЂ";"Р“РѕРіРѕР»РµРІСЃРєРёР№ Р±СѓР»СЊРІР°СЂ, РґРѕРј 18";"37.600589";"55.749298";"1774631";
50;"РџР°СЂРєРѕРјР°С‚ в„– 2218";"3011";"Р—Р°РїР°РґРЅС‹Р№ Р°РґРјРёРЅРёСЃС‚СЂР°С‚РёРІРЅС‹Р№ РѕРєСЂСѓРі";"СЂР°Р№РѕРЅ Р”РѕСЂРѕРіРѕРјРёР»РѕРІРѕ";"РЎС‚СѓРґРµРЅС‡РµСЃРєР°СЏ СѓР»РёС†Р°";"РЎС‚СѓРґРµРЅС‡РµСЃРєР°СЏ СѓР»РёС†Р°, РЅР°РїСЂРѕС‚РёРІ РґРѕРјР° 12";"37.553366";"55.744202";"1774802";
51;"РџР°СЂРєРѕРјР°С‚ в„– 2351";"2010";"Р¦РµРЅС‚СЂР°Р»СЊРЅС‹Р№ Р°РґРјРёРЅРёСЃС‚СЂР°С‚РёРІРЅС‹Р№ РѕРєСЂСѓРі";"СЂР°Р№РѕРЅ РЇРєРёРјР°РЅРєР°";"РњР°Р»С‹Р№ РўРѕР»РјР°С‡С‘РІСЃРєРёР№ РїРµСЂРµСѓР»РѕРє";"РњР°Р»С‹Р№ РўРѕР»РјР°С‡С‘РІСЃРєРёР№ РїРµСЂРµСѓР»РѕРє, РґРѕРј 2, СЃС‚СЂРѕРµРЅРёРµ 1";"37.618501";"55.742637";"5004673";
52;"РџР°СЂРєРѕРјР°С‚ в„– 2353";"2007";"Р¦РµРЅС‚СЂР°Р»СЊРЅС‹Р№ Р°РґРјРёРЅРёСЃС‚СЂР°С‚РёРІРЅС‹Р№ РѕРєСЂСѓРі";"Р‘Р°СЃРјР°РЅРЅС‹Р№ СЂР°Р№РѕРЅ";"СѓР»РёС†Р° РџРѕРєСЂРѕРІРєР°";"СѓР»РёС†Р° РџРѕРєСЂРѕРІРєР°, РґРѕРј 28";"37.649271";"55.760178";"5004676";
53;"РџР°СЂРєРѕРјР°С‚ в„– 2360";"3003";"Р¦РµРЅС‚СЂР°Р»СЊРЅС‹Р№ Р°РґРјРёРЅРёСЃС‚СЂР°С‚РёРІРЅС‹Р№ РѕРєСЂСѓРі";"РџСЂРµСЃРЅРµРЅСЃРєРёР№ СЂР°Р№РѕРЅ";"Р‘РѕР»СЊС€Р°СЏ Р“СЂСѓР·РёРЅСЃРєР°СЏ СѓР»РёС†Р°";"Р‘РѕР»СЊС€Р°СЏ Р“СЂСѓР·РёРЅСЃРєР°СЏ СѓР»РёС†Р°, РґРѕРј 62";"37.585515";"55.772729";"5004685";
54;"РџР°СЂРєРѕРјР°С‚ в„– 2356";"2010";"Р¦РµРЅС‚СЂР°Р»СЊРЅС‹Р№ Р°РґРјРёРЅРёСЃС‚СЂР°С‚РёРІРЅС‹Р№ РѕРєСЂСѓРі";"СЂР°Р№РѕРЅ РЇРєРёРјР°РЅРєР°";"СѓР»РёС†Р° Р‘РѕР»СЊС€Р°СЏ РџРѕР»СЏРЅРєР°";"СѓР»РёС†Р° Р‘РѕР»СЊС€Р°СЏ РџРѕР»СЏРЅРєР°, РґРѕРј 20, СЃС‚СЂРѕРµРЅРёРµ 2";"37.6181661";"55.7384116";"5004680";
55;"РџР°СЂРєРѕРјР°С‚ в„– 2355";"2010";"Р¦РµРЅС‚СЂР°Р»СЊРЅС‹Р№ Р°РґРјРёРЅРёСЃС‚СЂР°С‚РёРІРЅС‹Р№ РѕРєСЂСѓРі";"СЂР°Р№РѕРЅ РЇРєРёРјР°РЅРєР°";"СѓР»РёС†Р° Р‘РѕР»СЊС€Р°СЏ РџРѕР»СЏРЅРєР°";"СѓР»РёС†Р° Р‘РѕР»СЊС€Р°СЏ РџРѕР»СЏРЅРєР°, РґРѕРј 37, СЃС‚СЂРѕРµРЅРёРµ 1";"37.619521";"55.735737";"5004679";
56;"РџР°СЂРєРѕРјР°С‚ в„– 2359";"3003";"Р¦РµРЅС‚СЂР°Р»СЊРЅС‹Р№ Р°РґРјРёРЅРёСЃС‚СЂР°С‚РёРІРЅС‹Р№ РѕРєСЂСѓРі";"РџСЂРµСЃРЅРµРЅСЃРєРёР№ СЂР°Р№РѕРЅ";"Р‘РѕР»СЊС€Р°СЏ Р“СЂСѓР·РёРЅСЃРєР°СЏ СѓР»РёС†Р°";"Р‘РѕР»СЊС€Р°СЏ Р“СЂСѓР·РёРЅСЃРєР°СЏ СѓР»РёС†Р°, РЅР°РїСЂРѕС‚РёРІ РґРѕРјР° 42";"37.5802715";"55.7686345";"5004684";
57;"РџР°СЂРєРѕРјР°С‚ в„– 3361";"4005";"Р¦РµРЅС‚СЂР°Р»СЊРЅС‹Р№ Р°РґРјРёРЅРёСЃС‚СЂР°С‚РёРІРЅС‹Р№ РѕРєСЂСѓРі";"РњРµС‰Р°РЅСЃРєРёР№ СЂР°Р№РѕРЅ";"Р’РѕРґРѕРїСЂРѕРІРѕРґРЅС‹Р№ РїРµСЂРµСѓР»РѕРє";"Р’РѕРґРѕРїСЂРѕРІРѕРґРЅС‹Р№ РїРµСЂРµСѓР»РѕРє, РґРѕРј 88, СЃС‚СЂРѕРµРЅРёРµ 5";"37.637549";"55.794002";"5624274";
58;"РџР°СЂРєРѕРјР°С‚ в„– 2361";"2002";"Р¦РµРЅС‚СЂР°Р»СЊРЅС‹Р№ Р°РґРјРёРЅРёСЃС‚СЂР°С‚РёРІРЅС‹Р№ РѕРєСЂСѓРі";"СЂР°Р№РѕРЅ РђСЂР±Р°С‚";"Р‘РѕР»СЊС€РѕР№ РќРёРєРѕР»РѕРїРµСЃРєРѕРІСЃРєРёР№ РїРµСЂРµСѓР»РѕРє";"Р‘РѕР»СЊС€РѕР№ РќРёРєРѕР»РѕРїРµСЃРєРѕРІСЃРєРёР№ РїРµСЂРµСѓР»РѕРє, РґРѕРј 6";"37.5906112";"55.7504668";"5004687";
59;"РџР°СЂРєРѕРјР°С‚ в„– 2357";"2010";"Р¦РµРЅС‚СЂР°Р»СЊРЅС‹Р№ Р°РґРјРёРЅРёСЃС‚СЂР°С‚РёРІРЅС‹Р№ РѕРєСЂСѓРі";"СЂР°Р№РѕРЅ РЇРєРёРјР°РЅРєР°";"РЎС‚Р°СЂРѕРјРѕРЅРµС‚РЅС‹Р№ РїРµСЂРµСѓР»РѕРє";"РЎС‚Р°СЂРѕРјРѕРЅРµС‚РЅС‹Р№ РїРµСЂРµСѓР»РѕРє, РґРѕРј 11";"37.618227";"55.741102";"5004681";
60;"РџР°СЂРєРѕРјР°С‚ в„– 2354";"2007";"Р¦РµРЅС‚СЂР°Р»СЊРЅС‹Р№ Р°РґРјРёРЅРёСЃС‚СЂР°С‚РёРІРЅС‹Р№ РѕРєСЂСѓРі";"Р‘Р°СЃРјР°РЅРЅС‹Р№ СЂР°Р№РѕРЅ";"СѓР»РёС†Р° РџРѕРєСЂРѕРІРєР°";"СѓР»РёС†Р° РџРѕРєСЂРѕРІРєР°, РґРѕРј 40/2";"37.652581";"55.762320";"5004677";
61;"РџР°СЂРєРѕРјР°С‚ в„– 3010";"3009";"Р¦РµРЅС‚СЂР°Р»СЊРЅС‹Р№ Р°РґРјРёРЅРёСЃС‚СЂР°С‚РёРІРЅС‹Р№ РѕРєСЂСѓРі";"СЂР°Р№РѕРЅ Р—Р°РјРѕСЃРєРІРѕСЂРµС‡СЊРµ";"СѓР»РёС†Р° Р©РёРїРѕРє";"СѓР»РёС†Р° Р©РёРїРѕРє, РґРѕРј 11, СЃС‚СЂРѕРµРЅРёРµ 1";"37.6316256";"55.7257896";"5004723";
62;"РџР°СЂРєРѕРјР°С‚ в„– 3008";"3009";"Р¦РµРЅС‚СЂР°Р»СЊРЅС‹Р№ Р°РґРјРёРЅРёСЃС‚СЂР°С‚РёРІРЅС‹Р№ РѕРєСЂСѓРі";"СЂР°Р№РѕРЅ Р—Р°РјРѕСЃРєРІРѕСЂРµС‡СЊРµ";"3-Р№ Р›СЋСЃРёРЅРѕРІСЃРєРёР№ РїРµСЂРµСѓР»РѕРє";"3-Р№ Р›СЋСЃРёРЅРѕРІСЃРєРёР№ РїРµСЂРµСѓР»РѕРє, РґРѕРј 1, СЃС‚СЂРѕРµРЅРёРµ 1";"37.6205781";"55.7236388";"5004720";
63;"РџР°СЂРєРѕРјР°С‚ в„– 3009";"3009";"Р¦РµРЅС‚СЂР°Р»СЊРЅС‹Р№ Р°РґРјРёРЅРёСЃС‚СЂР°С‚РёРІРЅС‹Р№ РѕРєСЂСѓРі";"СЂР°Р№РѕРЅ Р—Р°РјРѕСЃРєРІРѕСЂРµС‡СЊРµ";"Р‘РѕР»СЊС€Р°СЏ РЎРµСЂРїСѓС…РѕРІСЃРєР°СЏ СѓР»РёС†Р°";"Р‘РѕР»СЊС€Р°СЏ РЎРµСЂРїСѓС…РѕРІСЃРєР°СЏ СѓР»РёС†Р°, РґРѕРј 38";"37.626479";"55.723811";"5004722";
64;"РџР°СЂРєРѕРјР°С‚ в„– 2362";"2001";"Р¦РµРЅС‚СЂР°Р»СЊРЅС‹Р№ Р°РґРјРёРЅРёСЃС‚СЂР°С‚РёРІРЅС‹Р№ РѕРєСЂСѓРі";"СЂР°Р№РѕРЅ РҐР°РјРѕРІРЅРёРєРё";"СѓР»РёС†Р° РџСЂРµС‡РёСЃС‚РµРЅРєР°";"СѓР»РёС†Р° РџСЂРµС‡РёСЃС‚РµРЅРєР°, РґРѕРј 39/22";"37.586706";"55.738718";"5004688";
65;"РџР°СЂРєРѕРјР°С‚ в„– 3005";"3009";"Р¦РµРЅС‚СЂР°Р»СЊРЅС‹Р№ Р°РґРјРёРЅРёСЃС‚СЂР°С‚РёРІРЅС‹Р№ РѕРєСЂСѓРі";"СЂР°Р№РѕРЅ Р—Р°РјРѕСЃРєРІРѕСЂРµС‡СЊРµ";"РЁР»СЋР·РѕРІР°СЏ РЅР°Р±РµСЂРµР¶РЅР°СЏ";"РЁР»СЋР·РѕРІР°СЏ РЅР°Р±РµСЂРµР¶РЅР°СЏ, РЅР°РїСЂРѕС‚РёРІ РґРѕРјР° 6/1";"37.6451013";"55.7318288";"5004716";
66;"РџР°СЂРєРѕРјР°С‚ в„– 3012";"3009";"Р¦РµРЅС‚СЂР°Р»СЊРЅС‹Р№ Р°РґРјРёРЅРёСЃС‚СЂР°С‚РёРІРЅС‹Р№ РѕРєСЂСѓРі";"СЂР°Р№РѕРЅ Р—Р°РјРѕСЃРєРІРѕСЂРµС‡СЊРµ";"Р›РµС‚РЅРёРєРѕРІСЃРєР°СЏ СѓР»РёС†Р°";"Р›РµС‚РЅРёРєРѕРІСЃРєР°СЏ СѓР»РёС†Р°, РґРѕРј 14";"37.6452";"55.728288";"5004726";
67;"РџР°СЂРєРѕРјР°С‚ в„– 3013";"3005";"Р¦РµРЅС‚СЂР°Р»СЊРЅС‹Р№ Р°РґРјРёРЅРёСЃС‚СЂР°С‚РёРІРЅС‹Р№ РѕРєСЂСѓРі";"РњРµС‰Р°РЅСЃРєРёР№ СЂР°Р№РѕРЅ";"Р‘Р°РЅРЅС‹Р№ РїРµСЂРµСѓР»РѕРє";"Р‘Р°РЅРЅС‹Р№ РїРµСЂРµСѓР»РѕРє, РЅР°РїСЂРѕС‚РёРІ РґРѕРјР° 9";"37.6390153";"55.7858283";"5004727";
68;"РџР°СЂРєРѕРјР°С‚ в„– 3007";"3010";"Р¦РµРЅС‚СЂР°Р»СЊРЅС‹Р№ Р°РґРјРёРЅРёСЃС‚СЂР°С‚РёРІРЅС‹Р№ РѕРєСЂСѓРі";"СЂР°Р№РѕРЅ РЇРєРёРјР°РЅРєР°";"Р”РѕРЅСЃРєР°СЏ СѓР»РёС†Р°";"Р”РѕРЅСЃРєР°СЏ СѓР»РёС†Р°, РґРѕРј 5";"37.6095777";"55.7258476";"5004719";
69;"РџР°СЂРєРѕРјР°С‚ в„– 3006";"3009";"Р¦РµРЅС‚СЂР°Р»СЊРЅС‹Р№ Р°РґРјРёРЅРёСЃС‚СЂР°С‚РёРІРЅС‹Р№ РѕРєСЂСѓРі";"СЂР°Р№РѕРЅ Р—Р°РјРѕСЃРєРІРѕСЂРµС‡СЊРµ";"РЁР»СЋР·РѕРІР°СЏ РЅР°Р±РµСЂРµР¶РЅР°СЏ";"РЁР»СЋР·РѕРІР°СЏ РЅР°Р±РµСЂРµР¶РЅР°СЏ, РЅР°РїСЂРѕС‚РёРІ РґРѕРјР° 18";"37.6515247";"55.7295128";"5004718";
70;"РџР°СЂРєРѕРјР°С‚ в„– 3014";"3019";"Р®Р¶РЅС‹Р№ Р°РґРјРёРЅРёСЃС‚СЂР°С‚РёРІРЅС‹Р№ РѕРєСЂСѓРі";"Р”Р°РЅРёР»РѕРІСЃРєРёР№ СЂР°Р№РѕРЅ";"Р”РµСЂР±РµРЅРµРІСЃРєР°СЏ РЅР°Р±РµСЂРµР¶РЅР°СЏ";"Р”РµСЂР±РµРЅРµРІСЃРєР°СЏ РЅР°Р±РµСЂРµР¶РЅР°СЏ, РЅР°РїСЂРѕС‚РёРІ РґРѕРјР° 1, СЃС‚СЂРѕРµРЅРёРµ 7";"37.6560364";"55.7254331";"5004729";
71;"РџР°СЂРєРѕРјР°С‚ в„– 3039";"3019";"Р®Р¶РЅС‹Р№ Р°РґРјРёРЅРёСЃС‚СЂР°С‚РёРІРЅС‹Р№ РѕРєСЂСѓРі";"Р”Р°РЅРёР»РѕРІСЃРєРёР№ СЂР°Р№РѕРЅ";"СѓР»РёС†Р° РЁР°Р±РѕР»РѕРІРєР°";"СѓР»РёС†Р° РЁР°Р±РѕР»РѕРІРєР°, РґРѕРј 59, РєРѕСЂРїСѓСЃ 1";"37.6075937";"55.7146632";"5004762";
72;"РџР°СЂРєРѕРјР°С‚ в„– 3042";"3007";"Р¦РµРЅС‚СЂР°Р»СЊРЅС‹Р№ Р°РґРјРёРЅРёСЃС‚СЂР°С‚РёРІРЅС‹Р№ РѕРєСЂСѓРі";"Р‘Р°СЃРјР°РЅРЅС‹Р№ СЂР°Р№РѕРЅ";"Р”РµРЅРёСЃРѕРІСЃРєРёР№ РїРµСЂРµСѓР»РѕРє";"Р”РµРЅРёСЃРѕРІСЃРєРёР№ РїРµСЂРµСѓР»РѕРє, РґРѕРј 13";"37.6738089";"55.7664963";"5004766";
73;"РџР°СЂРєРѕРјР°С‚ в„– 3044";"3019";"Р®Р¶РЅС‹Р№ Р°РґРјРёРЅРёСЃС‚СЂР°С‚РёРІРЅС‹Р№ РѕРєСЂСѓРі";"Р”Р°РЅРёР»РѕРІСЃРєРёР№ СЂР°Р№РѕРЅ";"СѓР»РёС†Р° РЁР°Р±РѕР»РѕРІРєР°";"СѓР»РёС†Р° РЁР°Р±РѕР»РѕРІРєР°, РґРѕРј 63, РєРѕСЂРїСѓСЃ 1";"37.6071508";"55.7135466";"5004769";
74;"РџР°СЂРєРѕРјР°С‚ в„– 3037";"3019";"Р®Р¶РЅС‹Р№ Р°РґРјРёРЅРёСЃС‚СЂР°С‚РёРІРЅС‹Р№ РѕРєСЂСѓРі";"Р”Р°РЅРёР»РѕРІСЃРєРёР№ СЂР°Р№РѕРЅ";"1-Р№ РџР°РІР»РѕРІСЃРєРёР№ РїРµСЂРµСѓР»РѕРє";"1-Р№ РџР°РІР»РѕРІСЃРєРёР№ РїРµСЂРµСѓР»РѕРє, РґРѕРј 25, СЃС‚СЂРѕРµРЅРёРµ 34";"37.6306924";"55.7164912";"5004759";
75;"РџР°СЂРєРѕРјР°С‚ в„– 3038";"3020";"Р®Р¶РЅС‹Р№ Р°РґРјРёРЅРёСЃС‚СЂР°С‚РёРІРЅС‹Р№ РѕРєСЂСѓРі";"Р”РѕРЅСЃРєРѕР№ СЂР°Р№РѕРЅ";"РњР°Р»Р°СЏ РљР°Р»СѓР¶СЃРєР°СЏ СѓР»РёС†Р°";"РњР°Р»Р°СЏ РљР°Р»СѓР¶СЃРєР°СЏ СѓР»РёС†Р°, РґРѕРј 19";"37.5966714";"55.7169329";"5004761";
76;"РџР°СЂРєРѕРјР°С‚ в„– 3043";"3020";"Р®Р¶РЅС‹Р№ Р°РґРјРёРЅРёСЃС‚СЂР°С‚РёРІРЅС‹Р№ РѕРєСЂСѓРі";"Р”РѕРЅСЃРєРѕР№ СЂР°Р№РѕРЅ";"СѓР»РёС†Р° РЎС‚Р°СЃРѕРІРѕР№";"СѓР»РёС†Р° РЎС‚Р°СЃРѕРІРѕР№, РґРѕРј 8/13";"37.5949626";"55.71418120";"5004767";
77;"РџР°СЂРєРѕРјР°С‚ в„– 3040";"3019";"Р®Р¶РЅС‹Р№ Р°РґРјРёРЅРёСЃС‚СЂР°С‚РёРІРЅС‹Р№ РѕРєСЂСѓРі";"Р”Р°РЅРёР»РѕРІСЃРєРёР№ СЂР°Р№РѕРЅ";"СѓР»РёС†Р° РўР°С‚РёС‰РµРІР°";"СѓР»РёС†Р° РўР°С‚РёС‰РµРІР°, РґРѕРј 8/5";"37.6156744";"55.7147078";"5004763";
78;"РџР°СЂРєРѕРјР°С‚ в„– 3041";"3019";"Р®Р¶РЅС‹Р№ Р°РґРјРёРЅРёСЃС‚СЂР°С‚РёРІРЅС‹Р№ РѕРєСЂСѓРі";"Р”Р°РЅРёР»РѕРІСЃРєРёР№ СЂР°Р№РѕРЅ";"РџРѕРґРѕР»СЊСЃРєРѕРµ С€РѕСЃСЃРµ";"РџРѕРґРѕР»СЊСЃРєРѕРµ С€РѕСЃСЃРµ, РґРѕРј 8, РєРѕСЂРїСѓСЃ 5";"37.6253682";"55.7153933";"5004765";
79;"РџР°СЂРєРѕРјР°С‚ в„– 3036";"3019";"Р®Р¶РЅС‹Р№ Р°РґРјРёРЅРёСЃС‚СЂР°С‚РёРІРЅС‹Р№ РѕРєСЂСѓРі";"Р”Р°РЅРёР»РѕРІСЃРєРёР№ СЂР°Р№РѕРЅ";"РџР°РІР»РѕРІСЃРєР°СЏ СѓР»РёС†Р°";"РџР°РІР»РѕРІСЃРєР°СЏ СѓР»РёС†Р°, РЅР°РїСЂРѕС‚РёРІ РґРѕРјР° 25, СЃС‚СЂРѕРµРЅРёРµ 13";"37.627766";"55.71546";"5004758";
80;"РџР°СЂРєРѕРјР°С‚ в„– 3046";"3005";"Р¦РµРЅС‚СЂР°Р»СЊРЅС‹Р№ Р°РґРјРёРЅРёСЃС‚СЂР°С‚РёРІРЅС‹Р№ РѕРєСЂСѓРі";"РњРµС‰Р°РЅСЃРєРёР№ СЂР°Р№РѕРЅ";"СѓР»РёС†Р° Р“РёР»СЏСЂРѕРІСЃРєРѕРіРѕ";"СѓР»РёС†Р° Р“РёР»СЏСЂРѕРІСЃРєРѕРіРѕ, РґРѕРј 61, РєРѕСЂРїСѓСЃ 1";"37.6331198";"55.7908276";"5004771";
81;"РџР°СЂРєРѕРјР°С‚ в„– 3058";"3019";"Р®Р¶РЅС‹Р№ Р°РґРјРёРЅРёСЃС‚СЂР°С‚РёРІРЅС‹Р№ РѕРєСЂСѓРі";"Р”Р°РЅРёР»РѕРІСЃРєРёР№ СЂР°Р№РѕРЅ";"СѓР»РёС†Р° Р›РµРЅРёРЅСЃРєР°СЏ РЎР»РѕР±РѕРґР°";"СѓР»РёС†Р° Р›РµРЅРёРЅСЃРєР°СЏ РЎР»РѕР±РѕРґР°, РґРѕРј 26";"37.6558516";"55.7099676";"5004787";
82;"РџР°СЂРєРѕРјР°С‚ в„– 3049";"3007";"Р¦РµРЅС‚СЂР°Р»СЊРЅС‹Р№ Р°РґРјРёРЅРёСЃС‚СЂР°С‚РёРІРЅС‹Р№ РѕРєСЂСѓРі";"Р‘Р°СЃРјР°РЅРЅС‹Р№ СЂР°Р№РѕРЅ";"РќРѕРІРѕСЂСЏР·Р°РЅСЃРєР°СЏ СѓР»РёС†Р°";"РќРѕРІРѕСЂСЏР·Р°РЅСЃРєР°СЏ СѓР»РёС†Р°, РґРѕРј 31/7, СЃС‚СЂРѕРµРЅРёРµ 5";"37.6710945";"55.7713652";"5004775";
83;"РџР°СЂРєРѕРјР°С‚ в„– 3047";"3019";"Р®Р¶РЅС‹Р№ Р°РґРјРёРЅРёСЃС‚СЂР°С‚РёРІРЅС‹Р№ РѕРєСЂСѓРі";"Р”Р°РЅРёР»РѕРІСЃРєРёР№ СЂР°Р№РѕРЅ";"Р”РµСЂР±РµРЅРµРІСЃРєР°СЏ РЅР°Р±РµСЂРµР¶РЅР°СЏ";"Р”РµСЂР±РµРЅРµРІСЃРєР°СЏ РЅР°Р±РµСЂРµР¶РЅР°СЏ, РЅР°РїСЂРѕС‚РёРІ РґРѕРјР° 13/17, РєРѕСЂРїСѓСЃ 4";"37.6492292";"55.7188712";"5004772";
84;"РџР°СЂРєРѕРјР°С‚ в„– 3059";"3007";"Р¦РµРЅС‚СЂР°Р»СЊРЅС‹Р№ Р°РґРјРёРЅРёСЃС‚СЂР°С‚РёРІРЅС‹Р№ РѕРєСЂСѓРі";"Р‘Р°СЃРјР°РЅРЅС‹Р№ СЂР°Р№РѕРЅ";"РќРёР¶РЅСЏСЏ РЎС‹СЂРѕРјСЏС‚РЅРёС‡РµСЃРєР°СЏ СѓР»РёС†Р°";"РќРёР¶РЅСЏСЏ РЎС‹СЂРѕРјСЏС‚РЅРёС‡РµСЃРєР°СЏ СѓР»РёС†Р°, РґРѕРј 10/9";"37.6681307";"55.753229";"5004789";
85;"РџР°СЂРєРѕРјР°С‚ в„– 3053";"3019";"Р®Р¶РЅС‹Р№ Р°РґРјРёРЅРёСЃС‚СЂР°С‚РёРІРЅС‹Р№ РѕРєСЂСѓРі";"Р”Р°РЅРёР»РѕРІСЃРєРёР№ СЂР°Р№РѕРЅ";"РџР°РІРµР»РµС†РєР°СЏ РЅР°Р±РµСЂРµР¶РЅР°СЏ";"РџР°РІРµР»РµС†РєР°СЏ РЅР°Р±РµСЂРµР¶РЅР°СЏ, РґРѕРј 8Рђ";"37.646873";"55.708999";"5004780";
86;"РџР°СЂРєРѕРјР°С‚ в„– 3048";"3020";"Р®Р¶РЅС‹Р№ Р°РґРјРёРЅРёСЃС‚СЂР°С‚РёРІРЅС‹Р№ РѕРєСЂСѓРі";"Р”РѕРЅСЃРєРѕР№ СЂР°Р№РѕРЅ";"СѓР»РёС†Р° РћСЂРґР¶РѕРЅРёРєРёРґР·Рµ";"СѓР»РёС†Р° РћСЂРґР¶РѕРЅРёРєРёРґР·Рµ, РЅР°РїСЂРѕС‚РёРІ РґРѕРјР° 9";"37.5981141";"55.7102136";"5004774";
87;"РџР°СЂРєРѕРјР°С‚ в„– 3050";"3007";"Р¦РµРЅС‚СЂР°Р»СЊРЅС‹Р№ Р°РґРјРёРЅРёСЃС‚СЂР°С‚РёРІРЅС‹Р№ РѕРєСЂСѓРі";"Р‘Р°СЃРјР°РЅРЅС‹Р№ СЂР°Р№РѕРЅ";"РќРѕРІРѕСЂСЏР·Р°РЅСЃРєР°СЏ СѓР»РёС†Р°";"РќРѕРІРѕСЂСЏР·Р°РЅСЃРєР°СЏ СѓР»РёС†Р°, РґРѕРј 30";"37.6676238";"55.7717032";"5004776";
88;"РџР°СЂРєРѕРјР°С‚ в„– 3056";"3007";"Р¦РµРЅС‚СЂР°Р»СЊРЅС‹Р№ Р°РґРјРёРЅРёСЃС‚СЂР°С‚РёРІРЅС‹Р№ РѕРєСЂСѓРі";"Р‘Р°СЃРјР°РЅРЅС‹Р№ СЂР°Р№РѕРЅ";"РњСЂСѓР·РѕРІСЃРєРёР№ РїРµСЂРµСѓР»РѕРє";"РњСЂСѓР·РѕРІСЃРєРёР№ РїРµСЂРµСѓР»РѕРє, РЅР°РїСЂРѕС‚РёРІ РґРѕРјР° 1";"37.6640806";"55.7557889";"5004784";
89;"РџР°СЂРєРѕРјР°С‚ в„– 3052";"3005";"Р¦РµРЅС‚СЂР°Р»СЊРЅС‹Р№ Р°РґРјРёРЅРёСЃС‚СЂР°С‚РёРІРЅС‹Р№ РѕРєСЂСѓРі";"РњРµС‰Р°РЅСЃРєРёР№ СЂР°Р№РѕРЅ";"СѓР»РёС†Р° Р“РёР»СЏСЂРѕРІСЃРєРѕРіРѕ";"СѓР»РёС†Р° Р“РёР»СЏСЂРѕРІСЃРєРѕРіРѕ, РЅР°РїСЂРѕС‚РёРІ РґРѕРјР° 15";"37.6305073";"55.7758504";"5004779";
90;"РџР°СЂРєРѕРјР°С‚ в„– 3055";"3007";"Р¦РµРЅС‚СЂР°Р»СЊРЅС‹Р№ Р°РґРјРёРЅРёСЃС‚СЂР°С‚РёРІРЅС‹Р№ РѕРєСЂСѓРі";"Р‘Р°СЃРјР°РЅРЅС‹Р№ СЂР°Р№РѕРЅ";"РњСЂСѓР·РѕРІСЃРєРёР№ РїРµСЂРµСѓР»РѕРє";"РњСЂСѓР·РѕРІСЃРєРёР№ РїРµСЂРµСѓР»РѕРє, РЅР°РїСЂРѕС‚РёРІ РґРѕРјР° 12";"37.6672214";"55.7572831";"5004783";
91;"РџР°СЂРєРѕРјР°С‚ в„– 3115";"3001";"Р¦РµРЅС‚СЂР°Р»СЊРЅС‹Р№ Р°РґРјРёРЅРёСЃС‚СЂР°С‚РёРІРЅС‹Р№ РѕРєСЂСѓРі";"СЂР°Р№РѕРЅ РҐР°РјРѕРІРЅРёРєРё";"Р¤СЂСѓРЅР·РµРЅСЃРєР°СЏ РЅР°Р±РµСЂРµР¶РЅР°СЏ";"Р¤СЂСѓРЅР·РµРЅСЃРєР°СЏ РЅР°Р±РµСЂРµР¶РЅР°СЏ, РґРѕРј 24/1";"37.5893784";"55.7251404";"5004862";
92;"РџР°СЂРєРѕРјР°С‚ в„– 3110";"3001";"Р¦РµРЅС‚СЂР°Р»СЊРЅС‹Р№ Р°РґРјРёРЅРёСЃС‚СЂР°С‚РёРІРЅС‹Р№ РѕРєСЂСѓРі";"СЂР°Р№РѕРЅ РҐР°РјРѕРІРЅРёРєРё";"3-СЏ Р¤СЂСѓРЅР·РµРЅСЃРєР°СЏ СѓР»РёС†Р°";"3-СЏ Р¤СЂСѓРЅР·РµРЅСЃРєР°СЏ СѓР»РёС†Р°, РґРѕРј 10";"37.5787702";"55.7210785";"5004856";
93;"РџР°СЂРєРѕРјР°С‚ в„– 3109";"3001";"Р¦РµРЅС‚СЂР°Р»СЊРЅС‹Р№ Р°РґРјРёРЅРёСЃС‚СЂР°С‚РёРІРЅС‹Р№ РѕРєСЂСѓРі";"СЂР°Р№РѕРЅ РҐР°РјРѕРІРЅРёРєРё";"3-СЏ Р¤СЂСѓРЅР·РµРЅСЃРєР°СЏ СѓР»РёС†Р°";"3-СЏ Р¤СЂСѓРЅР·РµРЅСЃРєР°СЏ СѓР»РёС†Р°, РґРѕРј 13";"37.573792";"55.7227537";"5004854";
94;"РџР°СЂРєРѕРјР°С‚ в„– 3112";"3001";"Р¦РµРЅС‚СЂР°Р»СЊРЅС‹Р№ Р°РґРјРёРЅРёСЃС‚СЂР°С‚РёРІРЅС‹Р№ РѕРєСЂСѓРі";"СЂР°Р№РѕРЅ РҐР°РјРѕРІРЅРёРєРё";"Р¤СЂСѓРЅР·РµРЅСЃРєР°СЏ РЅР°Р±РµСЂРµР¶РЅР°СЏ";"Р¤СЂСѓРЅР·РµРЅСЃРєР°СЏ РЅР°Р±РµСЂРµР¶РЅР°СЏ, РґРѕРј 14/1";"37.5937959";"55.7313935";"5004858";
95;"РџР°СЂРєРѕРјР°С‚ в„– 3111";"3001";"Р¦РµРЅС‚СЂР°Р»СЊРЅС‹Р№ Р°РґРјРёРЅРёСЃС‚СЂР°С‚РёРІРЅС‹Р№ РѕРєСЂСѓРі";"СЂР°Р№РѕРЅ РҐР°РјРѕРІРЅРёРєРё";"3-СЏ Р¤СЂСѓРЅР·РµРЅСЃРєР°СЏ СѓР»РёС†Р°";"3-СЏ Р¤СЂСѓРЅР·РµРЅСЃРєР°СЏ СѓР»РёС†Р°, РґРѕРј 1";"37.580114";"55.7199983";"5004857";
96;"РџР°СЂРєРѕРјР°С‚ в„– 3116";"3001";"Р¦РµРЅС‚СЂР°Р»СЊРЅС‹Р№ Р°РґРјРёРЅРёСЃС‚СЂР°С‚РёРІРЅС‹Р№ РѕРєСЂСѓРі";"СЂР°Р№РѕРЅ РҐР°РјРѕРІРЅРёРєРё";"1-Р№ РќРµРѕРїР°Р»РёРјРѕРІСЃРєРёР№ РїРµСЂРµСѓР»РѕРє";"1-Р№ РќРµРѕРїР°Р»РёРјРѕРІСЃРєРёР№ РїРµСЂРµСѓР»РѕРє, РґРѕРј 17/14";"37.5787581";"55.7410574";"5004864";
97;"РџР°СЂРєРѕРјР°С‚ в„– 3120";"3001";"Р¦РµРЅС‚СЂР°Р»СЊРЅС‹Р№ Р°РґРјРёРЅРёСЃС‚СЂР°С‚РёРІРЅС‹Р№ РѕРєСЂСѓРі";"СЂР°Р№РѕРЅ РҐР°РјРѕРІРЅРёРєРё";"РљРѕРјСЃРѕРјРѕР»СЊСЃРєРёР№ РїСЂРѕСЃРїРµРєС‚";"РљРѕРјСЃРѕРјРѕР»СЊСЃРєРёР№ РїСЂРѕСЃРїРµРєС‚, РґРѕРј 35";"37.5774855";"55.7231978";"5004869";
98;"РџР°СЂРєРѕРјР°С‚ в„– 3118";"3001";"Р¦РµРЅС‚СЂР°Р»СЊРЅС‹Р№ Р°РґРјРёРЅРёСЃС‚СЂР°С‚РёРІРЅС‹Р№ РѕРєСЂСѓРі";"СЂР°Р№РѕРЅ РҐР°РјРѕРІРЅРёРєРё";"РљРѕРјСЃРѕРјРѕР»СЊСЃРєРёР№ РїСЂРѕСЃРїРµРєС‚";"РљРѕРјСЃРѕРјРѕР»СЊСЃРєРёР№ РїСЂРѕСЃРїРµРєС‚, РґРѕРј 44";"37.5727701";"55.7208322";"5004866";
99;"РџР°СЂРєРѕРјР°С‚ в„– 3114";"3001";"Р¦РµРЅС‚СЂР°Р»СЊРЅС‹Р№ Р°РґРјРёРЅРёСЃС‚СЂР°С‚РёРІРЅС‹Р№ РѕРєСЂСѓРі";"СЂР°Р№РѕРЅ РҐР°РјРѕРІРЅРёРєРё";"Р¤СЂСѓРЅР·РµРЅСЃРєР°СЏ РЅР°Р±РµСЂРµР¶РЅР°СЏ";"Р¤СЂСѓРЅР·РµРЅСЃРєР°СЏ РЅР°Р±РµСЂРµР¶РЅР°СЏ, РЅР°РїСЂРѕС‚РёРІ РґРѕРјР° 34";"37.5869805";"55.7223006";"5004861";
100;"РџР°СЂРєРѕРјР°С‚ в„– 3117";"3001";"Р¦РµРЅС‚СЂР°Р»СЊРЅС‹Р№ Р°РґРјРёРЅРёСЃС‚СЂР°С‚РёРІРЅС‹Р№ РѕРєСЂСѓРі";"СЂР°Р№РѕРЅ РҐР°РјРѕРІРЅРёРєРё";"РљРѕРјСЃРѕРјРѕР»СЊСЃРєРёР№ РїСЂРѕСЃРїРµРєС‚";"РљРѕРјСЃРѕРјРѕР»СЊСЃРєРёР№ РїСЂРѕСЃРїРµРєС‚, РґРѕРј 20";"37.5841427";"55.7290948";"5004865";